{"cameraMode":{"drawMode":0,"name":"Shaded","section":"Shading Mode"},"sceneLighting":true,"audioPlay":false,"sceneViewState":{"m_AlwaysRefresh":false,"showFog":true,"showSkybox":true,"showFlares":true,"showImageEffects":true,"showParticleSystems":true,"showVisualEffectGraphs":true,"m_FxEnabled":true},"in2DMode":false,"pivot":{"x":-3.2239840030670168,"y":2.0084309577941896,"z":-2.891298770904541},"rotation":{"x":0.2078375667333603,"y":0.1634545773267746,"z":-0.035249657928943637,"w":0.9637746810913086},"size":3.9298818111419679,"orthographic":false}